PIN,Address
25-19-316-031-0000,11839-41 S. Western Ave. & 2320-22 W. 119th St.
25-17-103-018-0000,1339-53 W. 103rd Rd.
25-17-103-017-0000,1339-53 W. 103rd Rd.
25-17-103-015-0000,1339-53 W. 103rd Rd.
25-17-103-014-0000,1339-53 W. 103rd Rd.
25-17-103-004-0000,1339-53 W. 103rd Rd.
25-12-300-011-0000,103rd & Stony Island
25-09-206-053-8001,9540 S. Lafayette Ave.
25-08-100-003-0000,95th & Ashland
25-03-426-021-0000,S. Cottage Grove Ave. & S. Burnside Ave.
25-03-321-043-0000,9409 South State Street
25-03-321-042-0000,9401-07 South State Street
25-03-321-038-0000,12-24 East 95th Street
25-03-321-037-0000,12-24 East 95th Street
25-03-321-036-0000,12-24 East 95th Street
25-03-321-035-0000,12-24 East 95th Street
25-03-321-034-0000,12-24 East 95th Street
25-03-321-014-0000,9443 South State Street
25-03-321-013-0000,9439 South State Street
25-03-321-012-0000,9435 South State Street
25-03-321-005-0000,9411-13 South State Street
25-03-321-004-0000,9411-13 South State Street
25-03-321-002-0000,9401-07 South State Street
25-03-321-001-0000,9401-07 South State Street
24-14-100-069-0000,"104th/Pulaski; 10351-53 S. Pulaski Rd., 60655"
21-30-416-017-0000,79th St. & Coles Ave.
20-33-500-001-0000,S. Wentworth bet. West 79th St. & west 85th St.
20-33-122-001-0000,Halsted & 82nd St.
20-33-115-001-0000,Vincennes Ave. & 80th St.
20-33-114-001-0000,Vincennes Ave. & 80th St.
20-33-100-032-0000,Halsted St. & Emerald Ave. south of 79th St.
20-33-100-027-0000,Halsted St. & Emerald Ave. south of 79th St.
20-33-100-026-0000,Halsted St. & Emerald Ave. south of 79th St.
20-33-100-018-0000,Halsted St. & Emerald Ave. south of 79th St.
20-32-424-044-0000,8629-41 S. Racine Ave; S. Racine Ave. north of W. 87th St.
20-31-321-023-0000,8638-52 S. Damen Ave.
20-31-321-022-0000,8638-52 S. Damen Ave.
20-31-321-021-0000,8638-52 S. Damen Ave.
20-30-312-034-0000,S. Western Ave. north of W. 79th St.
20-30-312-030-0000,S. Western Ave. north of W. 79th St.
20-30-312-029-0000,S. Western Ave. north of W. 79th St.
20-30-312-028-0000,S. Western Ave. north of W. 79th St.
20-30-312-027-0000,S. Western Ave. north of W. 79th St.
20-30-224-029-0000,
20-30-224-026-0000,
20-30-224-025-0000,
20-30-224-024-0000,
20-30-224-021-0000,
20-30-224-019-0000,
20-30-224-004-0000,
20-30-122-054-0000,"W. 74th St. & S. Damen Ave., 7352-68 S. Damen Ave."
20-28-416-008-0000,77th - 79th & S. Vincennes Ave.
20-28-416-003-0000,77th & S. Vincennes Ave.
20-28-416-002-0000,77th & S. Vincennes Ave.
20-28-416-001-0000,77th & S. Vincennes Ave.
20-22-200-033-0000,6312-14 S. Vernon & 6313 S. South Park South Park Ave. south of 63rd St.
20-22-200-018-0000,6312-14 S. Vernon & 6313 S. South Park South Park Ave. south of 63rd St.
20-22-200-017-0000,6312-14 S. Vernon & 6313 S. South Park South Park Ave. south of 63rd St.
20-22-108-051-0000,301-33 E. 63rd St.
20-22-108-027-0000,"South of E. 63rd St., bet. Prairie & Calumet Avenues"
20-22-108-025-0000,"South of E. 63rd St., bet. Prairie & Calumet Avenues"
20-22-108-009-0000,"South of E. 63rd St., bet. Prairie & Calumet Avenues"
20-21-500-056-8001,ROW  Union Ave. to Halsted north of 63rd Pl. (east side of Halsted) 63rd/Halsted
20-21-500-052-0000,"ROW Stewart Ave. to Eggleston Ave., south of 63rd St."
20-21-500-051-0000,Bet. 64th St. & 65th St.
20-21-500-050-0000,"ROW Parnell Ave. to C.W. Ind. RR tracks, south of 63rd St."
20-21-500-049-0000,"ROW Eggleston Ave. to Normal Ave., south of 63rd St."
20-21-500-048-0000,ROW W. 63rd St. and Harvard Ave.
20-21-500-047-0000,ROW W. 63rd St. and Harvard Ave.
20-21-500-046-0000,"ROW Harvard Ave. to Stewart Ave., south of 63rd St."
20-21-500-045-0000,"ROW Harvard Ave. to Stewart Ave., south of 63rd St."
20-21-500-044-0000,"ROW Harvard Ave. to Stewart Ave., south of 63rd St."
20-21-500-043-0000,Bet. Normal to Parnell Ave.
20-21-500-039-0000,West side of Stewart south of 63rd
20-21-500-038-0000,Bet. Normal to Parnell Ave.
20-21-500-036-0000,West side of Stewart south of 63rd
20-21-500-025-0000,Bet. 66th St. & 66th Pl.
20-21-500-022-0000,Bet. 65th St. & 66th St.
20-21-500-021-0000,Bet. 65th St. & 66th St.
20-21-500-020-0000,Bet. 65th St. & 66th St.
20-21-500-018-0000,Bet. 64th St. & 65th St.
20-21-500-014-0000,"ROW Stewart Ave. to Eggleston Ave., south of 63rd St."
20-21-500-012-0000,"ROW Eggleston Ave. to Normal Ave., south of 63rd St."
20-21-500-011-0000,"ROW Eggleston Ave. to Normal Ave., south of 63rd St."
20-21-500-010-0000,"ROW Normal Ave. to Parnell Ave., south of 63rd St."
20-21-500-009-0000,"ROW Normal Ave. to Parnell Ave., south of 63rd St."
20-21-500-007-0000,"ROW C. & W. Ind. RR tracks to Lowe Ave., south of 63rd St."
20-21-500-006-0000,"ROW C. & W. Ind. RR tracks to Lowe Ave., south of 63rd St."
20-21-500-004-0000,ROW Union Ave to Halsted St. north of 63rd Pl.
20-21-500-003-0000,ROW Union Ave to Halsted St. north of 63rd Pl.
20-21-500-002-0000,ROW Union Ave to Halsted St. north of 63rd Pl.
20-21-310-045-0000,Bet. 68th St. & 69th St.
20-21-310-043-0000,Bet. 68th St. & 69th St.
20-21-310-039-0000,Bet. 68th St. & 69th St.
20-21-310-037-0000,Bet. 68th St. & 69th St.
20-21-304-045-0000,Bet. 64th St. & 65th St.
20-21-304-043-0000,Bet. 64th St. & 65th St.
20-21-304-040-0000,Bet. 64th St. & 65th St.
20-21-114-040-0000,Rear of lots 5-6 bet. W. 64th St. & 65th St.
20-21-102-025-0000,East side of Union Ave.
20-21-102-024-0000,West side of Lowe Ave.
20-20-500-025-8001,west side of Green St. to public alley
20-20-500-023-0000,"ROW east side Green St. to alley, south of 63rd St."
20-20-500-020-0000,6320 S. Sangamon
20-20-500-019-0000,6319 S. Sangamon
20-20-500-018-0000,ROW Sangamon St. to Morgan St. south of 63rd St.
20-20-500-017-0000,ROW Sangamon St. to Morgan St. south of 63rd St.
20-20-500-016-0000,ROW Morgan St. to Carpenter St. south of 63rd St.
20-20-500-015-0000,ROW Morgan St. to Carpenter St. south of 63rd St.
20-20-500-014-0000,ROW Carpenter St. to Aberdeen south of 63rd St.
20-20-500-013-0000,ROW Carpenter St. to Aberdeen south of 63rd St.
20-20-500-012-0000,ROW Aberdeen St. to May St. south of 63rd St.
20-20-500-011-0000,ROW Aberdeen St. to May St. south of 63rd St.
20-20-500-010-0000,ROW May St. to Racine Ave. south of 63rd St.
20-20-500-009-0000,ROW May St. to Racine Ave. south of 63rd St.
20-20-500-008-0000,ROW Racine Ae. To Elizabeth South of 63rd St.
20-20-500-007-0000,"ROW Elizabeth St. to Throop St., south of 63rd St."
20-20-500-006-0000,"ROW Elizabeth St. to Throop St., south of 63rd St."
20-20-500-005-0000,"ROW ROW Throop St. to Ada St., south of 63rd St."
20-20-500-004-0000,"ROW Ada St. to Loomis, south of 63rd"
20-20-500-003-0000,"ROW Ada St. to Loomis, south of 63rd"
20-20-500-002-0000,"ROW Ada St. to Loomis, south of 63rd"
20-20-500-001-0000,"ROW Ada St. to Loomis, south of 63rd"
20-20-207-028-8001,6322 South Halsted St.
20-20-206-042-0000,6315 S. Peoria St.
20-20-103-042-0000,6320 S. Loomis Blvd.
20-20-103-041-0000,Loomis St. south of 63rd St.
20-20-103-028-0000,Loomis St. south of 63rd St.
20-20-103-027-0000,Loomis St. south of 63rd St.
20-20-102-048-0000,
20-20-102-047-0000,
20-20-101-045-0000,
20-20-101-044-0000,
20-20-100-046-0000,CTA station & Park n Ride Lot
20-20-100-042-0000,CTA station & Park n Ride Lot
20-19-207-034-0000,Part
20-19-207-033-0000,
20-19-207-032-0000,
20-19-207-031-0000,
20-19-207-028-0000,
20-19-206-047-0000,
20-19-206-046-0000,
20-19-205-044-0000,
20-19-205-043-0000,
20-16-422-039-0000,258 W. 63rd St. at Princeton Ave.
20-16-422-014-0000,ROW Englewood Ave. to Pirnceton Ave. & 63rd St.
20-16-422-013-0000,ROW Englewood Ave. to Pirnceton Ave. & 63rd St.
20-16-422-002-0000,ROW Englewood Ave. to Pirnceton Ave. & 63rd St.
20-16-420-035-0000,ROW 62nd St. to Englewood Ave.
20-16-420-009-0000,ROW 62nd St. to Englewood Ave.
20-16-418-018-0000,ROW 61st Pl. to 62nd St.
20-16-418-008-0000,ROW 61st Pl. to 62nd St.
20-16-416-018-0000,ROW W. 61st. St. to 61st Pl.
20-16-416-004-0000,ROW W. 61st. St. to 61st Pl.
20-16-410-017-0000,ROW W. 60th Pl. to W. 61st St.
20-16-410-004-0000,ROW W. 60th Pl. to W. 61st St.
20-16-408-021-0000,ROW W. 60th St. to 60th Pl.
20-16-408-006-0000,ROW W. 60th St. to 60th Pl.
20-16-406-028-0000,ROW State St. to Lafayette Ave. south of 59th St.
20-16-406-010-0000,ROW State St. to Lafayette Ave. south of 59th St.
20-16-406-008-0000,ROW State St. to Lafayette Ave. south of 59th St.
20-16-406-006-0000,ROW State St. to Lafayette Ave. south of 59th St.
20-16-406-004-0000,ROW State St. to Lafayette Ave. south of 59th St.
20-16-406-002-0000,ROW State St. to Lafayette Ave. south of 59th St.
20-16-405-036-0000,"ROW Lafayette Ave. to C.R.I. & P. RR tracks, south of 59th St."
20-16-405-035-0000,"ROW Lafayette Ave. to C.R.I. & P. RR tracks, south of 59th St."
20-16-405-008-0000,"ROW C.R.I. & P.R.R. tracks to LaSalle, south of 59th St."
20-16-405-007-0000,"ROW C.R.I. & P.R.R. tracks to LaSalle, south of 59th St."
20-16-405-006-0000,"ROW C.R.I. & P.R.R. tracks to LaSalle, south of 59th St."
20-16-404-049-8001,ROW LaSalle to Wentworth Ave. South of 59th St.
20-16-404-023-0000,ROW LaSalle to Wentworth Ave. South of 59th St. 04-8001 crossed out on card.
20-16-403-029-0000,ROW W. 59th Pl. to W. 60th St.
20-16-403-008-0000,ROW W. 59th Pl. to W. 60th St.
20-16-401-039-0000,ROW Wentworth Ave. to W. 59th Pl.
20-16-401-038-0000,ROW Wentworth Ave. to W. 59th Pl.
20-16-401-031-0000,ROW Wentworth Ave. to W. 59th Pl.
20-16-401-029-0000,ROW Wentworth Ave. to W. 59th Pl.
20-16-401-027-0000,ROW Wentworth Ave. to W. 59th Pl.
20-16-401-025-0000,ROW Wentworth Ave. to W. 59th Pl.
20-16-401-023-0000,ROW Wentworth Ave. to W. 59th Pl.
20-16-401-022-0000,ROW Wentworth Ave. to W. 59th Pl.
20-16-401-021-0000,ROW Wentworth Ave. to W. 59th Pl.
20-15-500-033-0000,Between State & Wabash
20-15-500-031-0000,Garfield Blvd. to 56th St.
20-15-500-030-0000,ROW South of 59th St. on East side of Prairie Ave
20-15-500-027-0000,ROW South of 59th St. on East side of Prairie Ave
20-15-500-026-0000,ROW South of 59th St. on East side of Prairie Ave
20-15-500-025-0000,ROW South of 59th St. on East side of Prairie Ave
20-15-500-024-0000,ROW Prairie Ave. to Indiana South of 59th St.
20-15-500-022-0000,ROW Prairie Ave. to Indiana South of 59th St.
20-15-500-021-0000,"East side of Indiana Ave., south of 59th St."
20-15-500-020-0000,ROW Indiana Ave. to Michigan South of 59th St.
20-15-500-019-0000,ROW Indiana Ave. to Michigan South of 59th St.
20-15-500-018-0000,ROW Michigan Ave. to Wabash south of 59th St.
20-15-500-017-0000,ROW Michigan Ave. to Wabash south of 59th St.
20-15-500-016-0000,ROW Wabash to State South of 59th St.
20-15-500-014-0000,ROW 60th St. to 61st St.
20-15-500-013-0000,ROW 60th St. to 61st St.
20-15-500-012-0000,ROW 60th St. to 61st St.
20-15-500-011-0000,ROW 60th St. to 61st St.
20-15-500-010-0000,ROW 59th St. to 60th St.
20-15-500-009-0000,ROW 59th St. to 60th St.
20-15-500-008-0000,ROW 58th St. to 59th St.
20-15-500-007-0000,ROW 57th St. to 58th St.
20-15-500-006-0000,ROW 57th St. to 58th St.
20-15-500-005-0000,ROW 57th St. to 58th St.
20-15-500-004-0000,ROW 57th St. to 58th St.
20-15-500-003-0000,ROW 56th St. to 57th St.
20-15-500-002-0000,ROW 56th St. to 57th St.
20-15-316-030-0000,65th Street to 63rd St. W. of Calumet Yard & Shops
20-15-316-028-0000,66th Street to 63rd St. W. of Calumet Yard & Shops
20-15-316-025-0000,63rd Street to 63rd St. W. of Calumet Yard & Shops
20-15-316-024-0000,62nd Street to 63rd St. W. of Calumet Yard & Shops
20-15-316-023-0000,61st Street to 63rd St. W. of Calumet Yard & Shops
20-15-304-004-0000,5909 -11 S. Prairie Ave. (Green Line)
20-15-301-012-0000,West side of Michigan south of 59th St.
20-14-314-021-0000,862-872 E. 63rd St.
20-10-500-025-0000,ROW 50th St. to 51st St.
20-10-500-024-0000,319 E. 51st St.
20-10-500-023-0000,ROW 47th St. - south side of street
20-10-500-018-0000,ROW 54th St. to Garfield Blvd.
20-10-500-017-0000,ROW 54th St. to Garfield Blvd.
20-10-500-016-0000,ROW 53rd St. to 54th St.
20-10-500-015-0000,Bet. 51st St. and 53rd St.
20-10-500-014-0000,ROW 51st St. to 53rd St.
20-10-500-013-0000,Bet. 51st St. and 53rd St.
20-10-500-011-0000,ROW 50th St. to 51st St.
20-10-500-009-0000,ROW 50th St. to 51st St.
20-10-500-008-0000,ROW 49th St. to 50th St.
20-10-500-007-0000,ROW 49th St. to 50th St.
20-10-500-006-0000,ROW 48th St. to 49th St.
20-10-500-005-0000,ROW 48th St. to 49th St.
20-10-500-004-0000,ROW 48th St. to 49th St.
20-10-500-003-0000,ROW 48th St. to 49th St.
20-10-500-001-0000,ROW 47th St. to 48th St.
20-10-315-041-0000,5422 S. Calumet Ave.
20-10-315-039-0000,5416-18 S. Calument Ave.
20-10-315-038-0000,5449 S. Prairie Ave.
20-10-315-037-0000,300 East Garfield Blvd.
20-10-315-032-0000,5441-45 S. Prarie Ave.
20-10-315-029-0000,5441-45 S. Prarie Ave.
20-10-315-028-0000,5441-45 S. Prarie Ave.
20-10-315-027-0000,5441-45 S. Prarie Ave.
20-10-315-026-0000,5446-52 S. Calumet Ave.
20-10-315-025-0000,5440-42 S. Calumet Ave.
20-10-315-024-0000,5436-38 S. Calumet Ave.
20-10-315-023-0000,5432 S. Calumet Ave.
20-10-315-022-0000,Park n ride lot 5426-28 S. Calument Ave.
20-10-315-013-0000,5441-45 S. Prarie Ave.
20-10-315-008-0000,5433 S. Prairie Ave.
20-10-315-007-0000,Park n ride lot 5429 S. Praiarie Ave.
20-10-315-006-0000,5427 S. Prarie Ave.
20-10-315-005-0000,Park n ride lot 5423-25 S. Prairie Ave.
20-10-315-004-0000,Park n ride lot 5419 S. Prairie Ave.
20-10-305-063-0000,321 East 51st St.
20-10-104-038-0000,4712-14 S. Calumet Ave. (Green Line)
20-10-104-035-0000,4729 S. Prairie Ave.
20-09-219-030-0000,5008-14 S. Wells St.
20-09-219-029-0000,5008-14 S. Wells St.
20-09-219-028-0000,5008-14 S. Wells St.
20-09-219-027-0000,5008-14 S. Wells St.
20-04-202-027-0000,3938-44 S. Wentworth Ave.
20-04-202-026-0000,3938-44 S. Wentworth Ave.
20-04-202-025-0000,3938-44 S. Wentworth Ave.
20-04-202-024-0000,3938-44 S. Wentworth Ave.
20-03-500-032-0000,ROW 39th St. to 40th St.
20-03-500-031-0000,ROW 40th St. to 41st St.
20-03-500-027-0000,ROW 39th St. to 40th St.
20-03-500-022-0000,ROW 46th St. to 47th St.
20-03-500-021-0000,ROW 46th St. to 47th St.
20-03-500-020-0000,ROW 45th St. to 46th St.
20-03-500-019-0000,ROW 44th St. to 45th St.
20-03-500-018-0000,ROW 44th St. to 45th St.
20-03-500-017-0000,ROW 44th St. to 45th St.
20-03-500-016-0000,ROW 43rd St. to 44th St.
20-03-500-015-0000,ROW 43rd St. to 44th St.
20-03-500-013-0000,ROW 42nd St. to 43rd St.
20-03-500-012-0000,ROW 41st St. to 42nd St.
20-03-500-010-0000,ROW Indiana to Prairie south of 40th St.
20-03-500-009-0000,ROW Indiana to Prairie south of 40th St.
20-03-500-008-0000,ROW Michigan to Indiana south of 40th St.
20-03-500-007-0000,ROW Michigan to Indiana south of 40th St.
20-03-500-006-0000,ROW Wabash to Michigan south of 40th St.
20-03-500-005-0000,ROW Wabash to Michigan south of 40th St.
20-03-500-004-0000,ROW 40th St. and Wabash Ave/
20-03-500-002-0000,South side of 40th St. between State and Wabash
20-03-304-045-0000,43rd St. south side of street ROW
20-03-122-045-0000,North side of 43rd St.; 300-08 East 43rd St.
20-03-118-011-0000,4200-04 S. Wabash
19-23-203-041-0000,6314-24 S. Kedzie Ave. & W. 63rd Pl.
19-19-207-047-0000,63rd & Narragansett
19-11-201-051-0000,"3243 West 48th Pl., 60632"
19-09-412-013-0000,S. Cicero Ave. & S. Archer Ave.
19-07-324-051-0000,7114-26 W. Archer & 5453-65 S. Neva Ave.
17-34-500-038-8001,ROW 38th St. to 39th St.
17-34-500-037-0000,ROW 37th Pl. to 38th St.
17-34-500-036-0000,ROW 37th Pl. to 38th St.
17-34-500-035-0000,ROW 37th St. to 37th Pl.
17-34-500-034-0000,ROW 36th St. to 36th Pl.
17-34-500-033-0000,ROW 35th St. to 36th St.
17-34-500-029-0000,ROW 38th St. to 39th St.
17-34-500-025-0000,ROW 37th St. to 37th Pl.
17-34-500-024-0000,ROW 36th Pl to 37th St.
17-34-500-023-0000,ROW 36th Pl to 37th St.
17-34-500-022-0000,ROW 36th St. to 36th Pl.
17-34-500-020-0000,ROW 36th St. to 36th Pl.
17-34-500-019-0000,ROW 35th St. to 36th St.
17-34-500-017-0000,ROW 34th St. to 35th St.
17-34-500-016-0000,ROW 34th St. to 35th St.
17-34-500-014-0000,ROW 33rd St. to 34th St.
17-34-500-013-0000,ROW 33rd St. to 34th St.
17-34-500-012-0000,ROW 33rd St. to 34th St.
17-34-500-011-0000,ROW 33rd St. to 34th St.
17-34-500-010-0000,ROW 32nd St. to 33rd St.
17-34-500-009-0000,ROW 32nd St. to 33rd St.
17-34-500-008-0000,ROW 32nd St. to 33rd St.
17-34-500-007-0000,ROW 32nd St. to 33rd St.
17-34-500-006-0000,ROW 32nd St. to 33rd St.
17-34-500-005-0000,ROW 32nd St. to 33rd St.
17-34-500-004-0000,ROW 31st St. to 32nd St.
17-34-500-003-0000,ROW 31st St. to 32nd St.
17-34-500-002-0000,ROW 31st St. to 32nd St.
17-34-300-008-0000,3519-23 S. State St. (Green Line)
17-34-300-007-0000,3519-23 S. State St. (Green Line)
17-27-500-032-0000,ROW 28th St. to 29th St.
17-27-500-031-0000,ROW 30th St. to 31st St.
17-27-500-030-0000,ROW 30th St. to 31st St.
17-27-500-029-0000,ROW 29th St. to 30th St.
17-27-500-028-0000,ROW 29th St. to 30th St.
17-27-500-027-0000,ROW 29th St. to 30th St.
17-27-500-026-0000,ROW 29th St. to 30th St.
17-27-500-025-0000,ROW 29th St. to 30th St.
17-27-500-022-0000,ROW 28th St. to 29th St.
17-27-500-021-0000,ROW 28th St. to 29th St.
17-27-500-020-0000,ROW 26th St. to 28th St.
17-27-500-019-0000,ROW 26th St. to 28th St.
17-27-500-018-0000,ROW 26th St. to 28th St.
17-27-500-017-0000,ROW 25th St. to 26th St.
17-27-500-016-0000,ROW 25th St. to 26th St.
17-27-500-015-0000,ROW 25th St. to 26th St.
17-27-500-014-0000,ROW 25th St. to 26th St.
17-27-500-013-0000,ROW 24th St. to 25th St.
17-27-500-012-0000,ROW 24th St. to 25th St.
17-27-500-011-0000,ROW 24th St. to 25th St.
17-27-500-010-0000,ROW 24th St. to 25th St.
17-27-500-009-0000,ROW 24th St. to 25th St.
17-27-500-008-0000,ROW 23rd St. to 24th St.
17-27-500-007-0000,ROW 23rd St. to 24th St.
17-27-500-006-0000,ROW 23rd St. to 24th St.
17-27-500-004-0000,ROW 22nd St. to 23rd St.
17-27-500-003-0000,ROW 22nd St. to 23rd St.
17-27-500-002-0000,ROW 22nd St. to 23rd St.
17-27-500-001-0000,ROW 22nd St. to 23rd St.
17-22-500-043-0000,ROW  20th St. to 21st. St.
17-22-500-042-0000,ROW 14th St. to 16th St.
17-22-500-041-0000,ROW 14th St. to 16th St.
17-22-500-040-0000,ROW 14th St. to 16th St.
17-22-500-038-0000,ROW 14th St. to 16th St.
17-22-500-037-0000,ROW 14th St. to 16th St.
17-22-500-035-0000,ROW 21st St. to Cermak Rd.
17-22-500-034-0000,ROW 20th St. to 21st St.
17-22-500-033-0000,ROW 20th St. to 21st St.
17-22-500-032-0000,ROW 20th St. to 21st St.
17-22-500-031-0000,ROW 18th St. to 20th St.
17-22-500-030-0000,ROW 18th St. to 20th St.
17-22-500-029-0000,ROW 18th St. to 20th St.
17-22-500-028-0000,ROW 18th St. to 20th St.
17-22-500-027-0000,ROW 18th St. to 20th St.
17-22-500-026-0000,ROW 18th St. to 20th St.
17-22-500-025-0000,ROW 16th St. to 18th St.
17-22-500-024-0000,ROW 16th St. to 18th St.
17-22-500-023-0000,ROW 14th St. to 16th St.
17-22-500-022-0000,ROW 14th St. to 16th St.
17-22-500-021-0000,ROW 14th St. to 16th St.
17-22-500-020-0000,ROW 14th St. to 16th St.
17-22-500-016-0000,ROW 14th St. to 16th St.
17-22-500-015-0000,ROW 14th St. to 16th St.
17-22-500-014-0000,ROW 14th St. to 16th St.
17-22-500-013-0000,ROW 14th St. to 16th St.
17-22-500-012-0000,ROW 14th St. to 16th St.
17-22-500-011-0000,ROW 14th St. to 16th St.
17-22-500-010-0000,ROW 14th St. to 16th St.
17-22-500-009-0000,ROW 14th St. to 16th St.
17-22-500-008-0000,ROW 14th St. to 16th St.
17-22-500-007-0000,ROW 13th St. to 14th St.
17-22-500-006-0000,ROW 13th St. to 14th St.
17-22-500-005-0000,ROW 13th St. to 14th St.
17-22-500-004-0000,ROW 13th St. to 14th St.
17-22-500-003-0000,ROW Roosevelt Rd to 13th St.
17-22-317-027-0000,S.S.M.L. ROW only
17-22-300-073-0000,1706-12- S. Wabash Ave.
17-22-100-036-8001,Roosevelt/Wabash
17-22-100-005-0000,1235 S. State Street
17-19-502-048-8001,S. Damen Ave. to S. Hoyne Ave.
17-19-502-047-0000,North side of W. 18th Place
17-19-502-046-0000,1725 to 1747 W. Cullerton
17-19-502-044-0000,S. Oakley Ave. to Western Ave.
17-19-502-043-0000,S. Leavitt St. to Oakley Ave.
17-19-502-042-0000,S. Leavitt St. to Oakley Ave.
17-19-502-041-0000,S. Hoyne Ave. to Leavitt St.
17-19-502-040-0000,S. Damen Ave. to Hoyne
17-19-502-039-0000,S. Damen Ave. to Hoyne
17-19-502-038-0000,S. Damen Ave. to Hoyne
17-19-502-037-0000,S. Damen Ave. to Hoyne
17-19-502-036-0000,S. Damen Ave. to Hoyne
17-19-502-035-0000,S. Damen Ave. to Hoyne
17-19-502-033-0000,S. Wolcott to Damen
17-19-502-032-0000,S. Wolcott to Damen
17-19-502-031-0000,S. Wolcott to Damen
17-19-502-030-0000,S. Wood St. to Wolcott St.
17-19-502-029-0000,S. Wood St. to Wolcott St.
17-19-502-027-0000,19th St. to Cullerton
17-19-502-026-0000,19th St. to Cullerton
17-19-502-025-0000,18th Pl. to 19th St.
17-19-502-024-0000,18th Pl. to 19th St.
17-19-502-022-0000,West side of W. 18th St.
17-19-502-021-0000,17th St. to 18th St.
17-19-502-020-0000,17th St. to 18th St.
17-19-502-019-0000,West side of 17th St.
17-19-502-018-0000,16th St. to 17th St.
17-19-502-017-0000,16th St. to 17th St.
17-19-502-016-0000,15th Pl. to 16th St.
17-19-502-015-0000,15th Pl. to 16th St.
17-19-502-014-0000,15th St. to 15th Pl.
17-19-502-013-0000,14th Pl. to 15th St.
17-19-502-012-0000,14th Pl. to 15th St.
17-19-502-011-0000,14th St. to 14th Pl.
17-19-502-010-0000,14th St. to 14th Pl.
17-19-502-009-0000,Hastings to 14th St.
17-19-502-008-0000,Hastings to 14th St.
17-19-502-007-0000,13th St. to Hastings
17-19-502-006-0000,13th St. to Hastings
17-19-502-005-0000,13th St. to Hastings
17-19-502-004-0000,Washburne to 13th St.
17-19-502-003-0000,Washburne to 13th St.
17-19-502-002-0000,Roosevelt Rd. to Washburne
17-19-502-001-0000,Roosevelt Rd. to Washburne
17-19-406-019-0000,717 W. 17th St. Chgo.
17-19-317-024-0000,2001 W. Cullerton St.
17-19-317-023-0000,2003 W. Cullerton St.
17-19-314-004-0000,2011-15 S. Western Ave.
17-18-502-029-8001,Polk to Taylor
17-18-502-028-8001,Polk to Taylor
17-18-502-027-8001,Polk to Taylor
17-18-502-026-8001,Polk to Taylor
17-18-502-025-8001,Polk to Taylor
17-18-502-024-8001,Polk to Taylor
17-18-502-023-8001,Polk to Taylor
17-18-502-001-0000,Northwest corner of Congress & Paulina
17-18-501-013-0000,Madison St. to Washington Blvd.
17-18-501-011-0000,Bet. Jackson & Van Buren
17-18-501-010-0000,Bet. Ogden & Jackson
17-18-501-009-0000,Bet. Ogden & Jackson
17-18-501-005-0000,Bet. Monroe & Adams St.
17-18-501-004-0000,Bet. Monroe & Adams St.
17-18-501-003-0000,Bet. Arcade & Monroe St.
17-18-501-002-0000,Bet. Arcade & Monroe St.
17-18-500-046-0000,Damen Ave. to Hoyne Ave.
17-18-500-045-0000,Damen Ave. to Hoyne Ave.
17-18-500-044-0000,Bet. Marshfield & Ashland
17-18-500-043-0000,Bet. Marshfield & Ashland
17-18-500-042-0000,Bet. Marshfield & Ashland
17-18-500-041-0000,Bet. Marshfield & Ashland
17-18-500-040-0000,West side of Hoyne Ave.
17-18-500-039-0000,West side of Hoyne Ave.
17-18-500-038-0000,Hermitage Ave. to Paulina
17-18-500-037-0000,Hermitage Ave. to Paulina
17-18-500-036-0000,Hermitage Ave. to Paulina
17-18-500-035-0000,Wood St. to Hermitage Ave.
17-18-500-034-0000,Wood St. to Hermitage Ave.
17-18-500-033-0000,Wood St. to Hermitage Ave.
17-18-500-032-0000,Wood St. to Honore St.
17-18-500-031-0000,Wood St. to Honore St.
17-18-500-030-0000,Wood St. to Honore St.
17-18-500-029-0000,Ogden Ave. to Wolcott
17-18-500-028-0000,Ogden Ave. to Wolcott
17-18-500-027-0000,Wolcott Ave. to Winchester
17-18-500-026-0000,Wolcott Ave. to Winchester
17-18-500-025-0000,Wolcott Ave. to Winchester
17-18-500-024-0000,Wolcott Ave. to Winchester
17-18-500-023-0000,Winchester Ave. to Damen
17-18-500-022-0000,Winchester Ave. to Damen
17-18-500-021-0000,Winchester Ave. to Damen
17-18-500-020-0000,Winchester Ave. to Damen
17-18-500-019-0000,Damen Ave. to Hoyne Ave.
17-18-500-018-0000,Damen Ave. to Hoyne Ave.
17-18-500-015-0000,Hoyne Ave. to Leavitt St.
17-18-500-014-0000,Hoyne Ave. to Leavitt St.
17-18-500-013-0000,Hoyne Ave. to Leavitt St.
17-18-500-012-0000,Leavitt St. to Bell Ave.
17-18-500-011-0000,Leavitt St. to Bell Ave.
17-18-500-010-0000,Leavitt St. to Bell Ave.
17-18-500-009-0000,Leavitt St. to Bell Ave.
17-18-500-008-0000,Bell Ave. to Oakley Ave.
17-18-500-007-0000,Bell Ave. to Oakley Ave.
17-18-500-006-0000,Oakley Ave. to Claremont Ave.
17-18-500-005-0000,Oakley Ave. to Claremont Ave.
17-18-500-004-0000,Oakley Ave. to Claremont Ave.
17-18-500-003-0000,Oakley Ave. to Claremont Ave.
17-18-500-002-0000,Claremont Ave. to Western Ave.
17-18-500-001-0000,Claremont Ave. to Western Ave.
17-18-240-009-0000,Wood St. to Hermitage Ave.
17-18-134-007-0000,Between Hoyne & Damen
17-18-134-002-0000,Between Hoyne & Damen
17-18-131-020-0000,Between Hoyne & Leavitt
17-18-131-005-0000,Between Hoyne & Leavitt
17-18-128-006-0000,Between Claremont & Oakley
17-18-128-005-0000,Between Claremont & Oakley
17-18-128-004-0000,Between Claremont & Oakley
17-18-128-003-0000,Between Claremont & Oakley
17-18-127-021-0000,Claremont Ave. to Western
17-18-127-007-0000,Between Western & Claremont
17-18-127-001-0000,Between Western & Claremont
17-17-500-031-8001,Between Peoria & Halsted
17-17-500-030-0000,Between Sangamon & Peoria
17-17-500-028-0000,Between Peoria & Halsted
17-17-500-027-0000,Between Peoria & Halsted
17-17-500-026-0000,Between Ashland & Laflin St.
17-17-500-022-0000,Between Peoria & Halsted
17-17-500-020-0000,Between Sangamon & Peoria
17-17-500-018-0000,Between Aberdeen St. & Sangamon
17-17-500-017-0000,Between Aberdeen St. & Sangamon
17-17-500-016-0000,Between Aberdeen St. & Sangamon
17-17-500-015-0000,Between Aberdeen St. & Sangamon
17-17-500-014-0000,Between Aberdeen St. & Sangamon
17-17-500-013-0000,Between Aberdeen St. & Sangamon
17-17-500-012-0000,Between Aberdeen & Center
17-17-500-011-0000,Between Center & Throop
17-17-500-010-0000,Between Center & Throop
17-17-500-009-0000,Between Throop & Loomis
17-17-500-008-0000,Between Loomis St & Laflin
17-17-500-007-0000,Between Loomis St & Laflin
17-17-500-006-0000,Between Loomis St & Laflin
17-17-500-005-0000,Between Loomis St & Laflin
17-17-500-004-0000,Between Ashland & Laflin St.
17-17-500-003-0000,Between Ashland & Laflin St.
17-17-500-002-0000,Between Ashland & Laflin St.
17-16-500-039-0000,Between Van Buren & Tilden St.
17-16-500-031-0000,321 S. Franklin St.
17-16-500-011-0000,Between Van Buren & Tilden St.
17-16-500-009-0000,Between Gladys & Van Buren
17-16-500-008-0000,Between Van Buren & Tilden St.
17-15-500-004-0000,ROW north side Roosevelt Rd.
17-15-500-003-0000,ROW north side Roosevelt Rd.
17-15-500-002-0000,ROW South side Harrison St at Holden Court
17-15-500-001-0000,ROW South side Harrison St at Holden Court
17-15-304-018-0000,NE corner of Holden & Eldridge between State & Wabash
17-15-300-034-8001,Rear of 600 S. Wabash Ave. (Green Line)
17-09-451-023-0000,Red and Blue Line subways
17-09-451-022-0000,Red and Blue Line subways
17-09-451-021-0000,Red and Blue Line subways
17-09-451-020-0000,Red and Blue Line subways
17-09-331-028-0000,125-129 N. Desplaines
17-09-323-010-8002,567 West Lake Street
17-09-323-009-8002,567 West Lake Street
17-09-251-012-8001,429 N. Franklin
17-09-245-013-0000,152-58 W. Illinois St.
17-09-245-011-0000,152-58 W. Illinois St.
17-08-435-019-0000,120 N. Racine Ave.
17-08-435-010-0000,120 N. Racine Ave.
17-08-435-009-0000,120 N. Racine Ave.
17-08-435-008-0000,120 N. Racine Ave.
17-08-435-004-0000,120 N. Racine Ave.
17-08-435-003-0000,120 N. Racine Ave.
17-08-435-002-0000,120 N. Racine Ave.
17-08-435-001-0000,120 N. Racine Ave.
17-08-331-024-0000,120 N. Racine Ave.
17-08-331-023-0000,120 N. Racine Ave.
17-07-434-025-0000,Between Warren Blvd. and Madison St.
17-07-434-017-0000,Between Warren & Madison St. ROW
17-07-429-029-0000,1717 W. Washington
17-07-429-011-0000,Between Washington & Warren ROW
17-07-429-003-0000,Between Washington & Warren ROW
17-07-402-022-0000,Between Carroll & Kinzie
17-07-312-046-0000,201 N. Western Ave. & Lake St.
17-07-312-045-0000,201 N. Western Ave. & Lake St.
17-07-312-044-0000,201 N. Western Ave. & Lake St.
17-07-312-043-0000,201 N. Western Ave. & Lake St.
17-07-239-017-0000,Between Hubbard & Kinzie Sts.
17-06-500-071-0000,Between North Ave & Damen Ave. ROW
17-06-500-070-8001,Between Damen Ave. & Honore St. (Girard St.)
17-06-500-054-0000,Between Ellen & Moorman Sts.
17-06-500-044-0000,Between Ellen & Moorman Sts.
17-06-500-042-0000,Between Wood to Ellen Sts.
17-06-500-041-0000,Between Wood to Ellen Sts.
17-06-500-039-0000,Between Wolcott & Wood Sts.
17-06-500-038-0000,Between Wolcott & Wood Sts.
17-06-500-037-0000,Between Evergreen & Wolcott Sts.
17-06-500-036-0000,Between Evergreen & Wolcott Sts.
17-06-500-007-0000,Between Honore St. & Evergreen St. (Girard St.)
17-06-500-005-0000,Between Damen Ave. & Honore St. (Girard St.)
17-06-500-004-0000,Between Damen Ave. & Honore St. (Girard St.)
17-06-500-002-0000,Between North Ave & Damen Ave. ROW
17-06-430-045-0000,Between Walton & Pearson Sts ROW
17-06-418-061-0000,Between Cortez & Augusta Streets
17-06-410-056-0000,Bet. Haddon & Cortez
17-06-105-041-0000,Between North Ave & Damen Ave. ROW
17-05-500-045-0000,Between Evergreen & Wolcott Sts.
17-05-407-002-0000,
17-05-403-003-0000,
17-05-403-002-0000,"901 W. Division St., Chgo"
17-05-308-097-0000,1078 N. Milwaukee Ave.
17-04-500-072-0000,"Chicago Ave., to Institute Pl."
17-04-500-071-0000,"Orleans St., north of Schiller St."
17-04-500-070-8001,Division to Scott St.
17-04-500-069-8001,Division to Scott St.
17-04-500-068-8001,Division to Scott St.
17-04-500-065-8001,E. Side of N. Orleans St/ bet. Schiller & North Ave.
17-04-500-064-8001,Scott to Goethe
17-04-500-063-8001,Institute Pl. to Chestnut St.
17-04-500-062-8001,Institute Pl. to Chestnut St.
17-04-500-061-0000,Chicago Avenue to Institute Place
17-04-500-058-0000,Hill St. to Elm St.
17-04-500-055-0000,Chicago Avenue to Institute Place
17-04-500-051-0000,Chestnut St. to Locust St.
17-04-500-050-0000,Chestnut St. to Locust St.
17-04-500-049-0000,Locust St. to Walton St.
17-04-500-048-0000,Locust St. to Walton St.
17-04-500-047-0000,Walton St. to Oak St.
17-04-500-046-0000,Oak St. to Wendell St.
17-04-500-045-0000,Oak St. to Wendell St.
17-04-500-044-0000,Wendell St. to Hill St.
17-04-500-043-0000,North side Hill St.
17-04-500-041-0000,Elm St. to Division St.
17-04-500-040-0000,Elm St. to Division St.
17-04-500-039-0000,Elm St. to Division St.
17-04-500-034-0000,Goethe St. to Evergreen Ave.
17-04-500-033-0000,Goethe St. to Evergreen Ave.
17-04-500-032-0000,Goethe St. to Evergreen Ave.
17-04-500-031-0000,Evergreen Ave. to Schiller St.
17-04-500-030-0000,Evergreen Ave. to Schiller St.
17-04-500-029-0000,Schiller Street to North Ave.
17-04-500-028-0000,Schiller Street to North Ave.
17-04-500-027-0000,Schiller Street to North Ave.
17-04-500-026-0000,Schiller Street to North Ave.
17-04-500-020-0000,Schiller Street to North Ave.
17-04-500-019-0000,Schiller Street to North Ave.
17-04-500-018-0000,Between Orleans St. & Sedgwick St. So of North Ave.
17-04-500-017-0000,Sedgwick St. to Hudson St. So of North Ave.
17-04-500-016-0000,1537 N. Hudson St. (inside lot)
17-04-500-015-0000,Hudson Ave. to Cleveland Ave. So of North Ave.
17-04-500-014-0000,Hudson Ave. to Cleveland Ave. So of North Ave.
17-04-500-013-0000,Cleveland Ave. to Mohawk St. So of North Ave.
17-04-500-012-0000,Cleveland Ave. to Mohawk St. So of North Ave.
17-04-500-011-0000,Mohawk St. to Larrabee St. So of North Ave.
17-04-500-010-0000,Mohawk St. to Larrabee St. So of North Ave.
17-04-500-009-0000,Larrabee St. to Frontier St. So. Of North Ave.
17-04-500-007-0000,Frontier St. to Orchard St. So. Of North Ave.
17-04-500-006-0000,Frontier St. to Orchard St. So. Of North Ave.
17-04-500-005-0000,Orchard St. to Burling St So. Of North Avenue.
17-04-500-004-0000,Orchard St. to Burling St So. Of North Avenue.
17-04-500-003-0000,Burling Street to North Avenue
17-04-500-002-0000,Burling Street to North Avenue
17-04-500-001-0000,Burling Street to North Avenue
17-04-416-004-0000,"321 West Hill St., 60610"
17-04-220-060-0000,West Scott Street
16-36-428-008-0000,2410 W. Pershing Road
16-36-428-007-0000,2409 W. Pershing Road
16-36-428-006-0000,2408 W. Pershing Road
16-35-401-012-0000,36th & Kedzie
16-35-401-011-0000,36th & Kedzie
16-35-401-010-0000,36th & Kedzie
16-34-203-044-0000,3100-10 SW Corner of S. Komensky Ave. & W. 31st St.
16-28-222-042-0000,"S. Cicero Ave. & 24th Pl., Cicero"
16-28-222-038-0000,"S. Cicero Ave. & 24th Pl., Cicero"
16-26-101-012-0000,W. Ogden Ave. & W. Cermak Rd.
16-24-505-025-0000,S. Westrn Ave. to PCC & St. L. RR
16-24-505-024-0000,S. Westrn Ave. to PCC & St. L. RR
16-24-505-023-0000,S. Westrn Ave. to PCC & St. L. RR
16-24-505-022-0000,S. Westrn Ave. to PCC & St. L. RR
16-24-505-021-0000,S. Westrn Ave. to PCC & St. L. RR
16-24-505-020-0000,S. Westrn Ave. to PCC & St. L. RR
16-24-505-019-0000,S. Westrn Ave. to PCC & St. L. RR
16-24-505-018-0000,PCC & St. Louis RR & Rockwell St.
16-24-505-016-0000,PCC & St. Louis RR & Rockwell St.
16-24-505-015-0000,S. Rockwell St. to Washtenaw Ave.
16-24-505-014-0000,S. Washtenaw Ave to Fairfield Ave.
16-24-505-013-0000,S. Washtenaw Ave to Fairfield Ave.
16-24-505-012-0000,S. Fairfield Ave. to S. California Ave.
16-24-505-011-0000,S. Fairfield Ave. to S. California Ave.
16-24-505-010-0000,S. California to Marshall Blvd.
16-24-505-009-0000,S. California to Marshall Blvd.
16-24-505-008-0000,Marshall Blvd. to Albany Ave.
16-24-505-007-0000,Marshall Blvd. to Albany Ave.
16-24-505-006-0000,Marshall Blvd. to Albany Ave.
16-24-505-005-0000,Albany Ave. to Troy Ave.
16-24-505-004-0000,Albany Ave. to Troy Ave.
16-24-505-003-0000,Albany Ave. to Troy Ave.
16-24-505-002-0000,S. Troy to S. Kedzie Ave.
16-24-505-001-0000,S. Troy to S. Kedzie Ave.
16-24-419-023-8001,Cullerton E. of Rockwell between Cullerton & 21st St.
16-24-308-045-0000,2012 S. California Ave.
16-24-308-044-0000,2008 S. California Ave.
16-23-500-036-8001,Between Lawndale & Ridgeway
16-23-500-033-8001,1906-08 S. Central Park
16-23-500-030-0000,S. Kedzie to S. Sawyer
16-23-500-029-0000,S. Kedzie to S. Sawyer
16-23-500-028-0000,S. Sawyer to S. Spaulding
16-23-500-027-0000,S. Sawyer to S. Spaulding
16-23-500-026-0000,s. Spaulding to S. Christiana
16-23-500-025-0000,s. Spaulding to S. Christiana
16-23-500-024-0000,s. Spaulding to S. Christiana
16-23-500-023-0000,S. Christiana Ave. to Homan Ave.
16-23-500-022-0000,S. Christiana Ave. to Homan Ave.
16-23-500-021-0000,S. Homan Ave. to Trumbell Ave.
16-23-500-020-0000,S. Homan Ave. to Trumbell Ave.
16-23-500-019-0000,S. Trumbell Ave to St. Louis Ave.
16-23-500-018-0000,S. Trumbell Ave to St. Louis Ave.
16-23-500-017-0000,S. St. Louis Ave to S. Drake Ave.
16-23-500-016-0000,S. St. Louis Ave to S. Drake Ave.
16-23-500-015-0000,S. Drake Ave. to Central Park Ave.
16-23-500-014-0000,S. Drake Ave. to Central Park Ave.
16-23-500-012-0000,NE corner Lawndale & Ogden Ave.
16-23-500-010-0000,East side of Ridgeway Ave.
16-23-500-009-0000,Ridgeway Ave to Hamlin Ave.
16-23-500-008-0000,Ridgeway Ave to Hamlin Ave.
16-23-500-007-0000,S. Hamlin Ave. to Avers Ave.
16-23-500-006-0000,S. Hamlin Ave. to Avers Ave.
16-23-500-005-0000,S. Avers Ave. to Springfield
16-23-500-005-0000,Springfield to Avers
16-23-500-004-0000,S. Avers Ave. to Springfield
16-23-500-004-0000,Springfield to Avers
16-23-500-003-0000,S. Springfield Ave. to Harding
16-23-500-002-0000,S. Harding Ave. to Pulaski Rd.
16-23-500-001-0000,S. Harding Ave. to Pulaski Rd.
16-23-422-016-0000,1941 S. Sawyer Ave.
16-23-421-037-0000,1940 S. Sawyer Ave.
16-23-421-014-0000,1939 S. Spaulding Ave.
16-23-416-044-0000,1944 S. St. Louis
16-23-416-011-0000,1931 S. Drake Ave.
16-23-415-071-0000,3555 West Ogden Ave.
16-23-327-008-0000,3601-11 W. Ogden Ave.
16-23-327-005-0000,3613 W. Ogden Ave.
16-23-322-036-0000,S. Lawndale to Ridgeway Ave.
16-23-318-036-0000,1932 S. Springfield
16-23-318-007-0000,1937 S. Harding Ave.
16-23-316-021-0000,1920 S. Harding Ave.
16-23-314-076-0000,3654 W. Ogden Ave.
16-23-314-074-0000,3656-58 W. Ogden Ave.
16-23-314-072-0000,3662 W. Ogden Ave.
16-22-500-015-0000,S. Kilbourn to Kenton Ave.
16-22-500-013-0000,S. Kostner to S. Kilbourn
16-22-500-011-0000,S. Pulaski Rd. to Karlov Ave.
16-22-500-010-0000,S. Pulaski Rd. to Karlov Ave.
16-22-500-009-0000,S. Pulaski Rd. to Karlov Ave.
16-22-500-008-0000,S. Pulaski Rd. to Karlov Ave.
16-22-500-007-0000,S. Karlov Ave. to Keeler Ave.
16-22-500-006-0000,S. Keeler Ave. to S. Kildare Ave.
16-22-500-005-0000,S. Kildare Ave. to S. Kostner Ave.
16-22-500-004-0000,S. Kildare Ave. to S. Kostner Ave.
16-22-500-002-0000,Small piece on West side Kilbourn
16-22-420-039-0000,"2012 S. Pulaski Rd., Chgo"
16-22-311-038-0000,"Between 21st Pl. & 22nd St., East of 47th Ave."
16-22-311-032-0000,"Between 21st Pl. & 22nd St., East of 47th Ave."
16-22-309-028-0000,S. 47th Ave to S. 47th Ct.
16-22-309-014-0000,S. 47th Ave to S. 47th Ct.
16-22-308-023-0000,"S. 47th Ct. to 48th Ave.,"
16-22-308-022-0000,"S. 47th Ct. to 48th Ave.,"
16-22-308-009-0000,"S. 47th Ct. to 48th Ave.,"
16-22-300-041-0000,W. 16th St. & S. 47th Ct.
16-21-501-009-0000,"21st Place, 445' E. of 56th Ave.., Cicero"
16-21-501-008-8001,"East side of 50th St., Cicero"
16-21-501-006-8001,
16-21-501-005-0000,S. Cicero Ave. to 49th Ave.
16-21-501-002-0000,S. 52nd Ave. to S. 54th Ave.
16-21-310-032-0000,"5212 W. Cermak Rd., Cicero"
16-21-306-033-0000,Terminal & Yard
16-21-306-011-0000,Terminal & Yard
16-21-306-010-0000,Terminal & Yard
16-17-413-040-0000,NW Corner of W. Roosevelt Rd. / S. Central Ave.
16-17-411-037-0000,5842 W. Roosevelt Rd. & S. Monitor Ave.
16-15-500-051-0000,East side of Cicero
16-15-500-043-0000,Rear of 4710 W. Flournoy St.
16-15-500-042-0000,E. of Kilbourn
16-15-500-041-0000,Rear of 4700-02 W. Flournoy St.
16-15-500-037-0000,Rear of 4728-38 W. Flournoy St.
16-15-500-036-0000,Rear of 4626-36 W. Flournoy St.
16-15-500-028-0000,614 S. Keeler Ave.
16-15-500-024-0000,Kildare Ave. to Kostner Ave.
16-15-500-023-0000,Kildare Ave. to Kostner Ave.
16-15-400-033-0000,Rear of W. Harrison St.
16-15-306-042-0000,Between Kilbourn and Kenneth
16-15-305-018-0000,Rear of 4503-4511 W. Harrison St.
16-15-304-022-0000,614-616 S. Kolmar Ave.
16-15-304-012-0000,614-616 S. Kolmar Ave.
16-14-500-084-0000,East side Lawndale
16-14-500-081-0000,Rear of 3816 to 3848 W. Flournoy St.
16-14-500-080-0000,Rear of 3854 W. Flournoy St.
16-14-500-079-0000,Rear of 3900 to 3908 W. Flournoy St.
16-14-500-078-0000,Rear of 3912 to 3928 W. Flournoy St.
16-14-500-077-0000,Rear of 3632 to 3644 W. Flournoy St.
16-14-500-076-0000,Rear of 3928 W. Flournoy St.
16-14-500-075-0000,Rear of 3710 & 12 and 3716 W. Flournoy St.
16-14-500-069-0000,Rear of 3860 W. Flournoy St.
16-14-500-066-0000,Rear of 3214 W. Flournoy St.
16-14-500-065-0000,Rear of 3222 W. Flournoy St.
16-14-500-064-0000,Rear of 3236 to 3244 W. Flournoy St.
16-14-500-063-0000,Rear of 3442 to 3448 W. Flournoy St.
16-14-500-062-0000,Rear of 3442 to 3448 W. Flournoy St.
16-14-500-051-0000,Rear of 3436 W. Flournoy St.
16-14-500-044-0000,
16-14-500-032-0000,
16-14-401-059-0000,Rear of 3428 W. Flournoy St.
16-14-401-057-0000,Between Homan and St. Louis
16-14-401-053-0000,Rear of 3410 W. Flournoy St.
16-14-228-046-0000,
16-14-228-045-0000,
16-14-228-044-0000,
16-14-228-043-0000,
16-14-228-042-0000,
16-14-228-041-0000,
16-14-228-020-0000,
16-14-228-019-0000,
16-14-228-018-0000,
16-14-228-017-0000,
16-14-228-016-0000,
16-14-228-015-0000,
16-14-228-014-0000,
16-14-228-013-0000,
16-14-228-012-0000,
16-14-228-011-0000,
16-14-228-010-0000,
16-14-228-009-0000,
16-14-228-008-0000,
16-14-228-007-0000,
16-14-228-006-0000,
16-14-228-005-0000,
16-14-228-004-0000,
16-14-228-003-0000,
16-14-228-002-0000,
16-14-228-001-0000,
16-14-223-001-0000,Kedzie-Jackson-Van Buren-Spaulding (corner Lot) 002 crossed out on card
16-13-500-053-0000,Rear of 3108 to 3114 W. Flournoy St.
16-13-500-049-0000,Rear of 3126 W. Flournoy St.
16-13-500-048-0000,Rear of 3134 to 3138 W. Flournoy St.
16-13-500-047-0000,Easement to City of Chicago for Congress Expressway and Public Way
16-13-500-046-0000,Easement to City of Chicago for Congress Expressway and Public Way
16-13-500-045-0000,Easement to City of Chicago for Congress Expressway and Public Way
16-13-500-044-0000,Easement to City of Chicago for Congress Expressway and Public Way
16-13-500-043-0000,Easement to City of Chicago for Congress Expressway and Public Way
16-13-500-042-0000,Easement to City of Chicago for Congress Expressway and Public Way
16-13-500-041-0000,Easement to City of Chicago for Congress Expressway and Public Way
16-13-500-040-0000,Easement to City of Chicago for Congress Expressway and Public Way
16-13-500-039-0000,Easement to City of Chicago for Congress Expressway and Public Way
16-13-500-038-0000,Easement to City of Chicago for Congress Expressway and Public Way
16-13-500-037-0000,Easement to City of Chicago for Congress Expressway and Public Way
16-13-500-036-0000,Easement to City of Chicago for Congress Expressway and Public Way
16-13-500-035-0000,Easement to City of Chicago for Congress Expressway and Public Way
16-13-500-034-0000,Easement to City of Chicago for Congress Expressway and Public Way
16-13-500-033-0000,Easement to City of Chicago for Congress Expressway and Public Way
16-13-500-032-0000,Easement to City of Chicago for Congress Expressway and Public Way
16-13-500-031-0000,CNW Railroad to Talman Ave.
16-13-500-030-0000,Talman Ave. to Washtenaw Ave.
16-13-500-029-0000,Talman Ave. to Washtenaw Ave.
16-13-500-028-0000,Washtenaw Ave. to California Ave.
16-13-500-027-0000,Washtenaw Ave. to California Ave.
16-13-500-026-0000,Washtenaw Ave. to California Ave.
16-13-500-025-0000,Washtenaw Ave. to California Ave.
16-13-500-024-0000,Washtenaw Ave. to California Ave.
16-13-500-023-0000,Washtenaw Ave. to California Ave.
16-13-500-022-0000,Washtenaw Ave. to California Ave.
16-13-500-021-0000,Washtenaw Ave. to California Ave.
16-13-500-020-0000,California Ave. to Francisco
16-13-500-019-0000,California Ave. to Francisco
16-13-500-018-0000,Francisco Ave to Sacramento Ave.
16-13-500-017-0000,Francisco Ave to Sacramento Ave.
16-13-500-016-0000,Francisco Ave to Sacramento Ave.
16-13-500-015-0000,Francisco Ave to Sacramento Ave.
16-13-500-014-0000,Francisco Ave to Sacramento Ave.
16-13-500-013-0000,Francisco Ave to Sacramento Ave.
16-13-500-006-0000,"Albany & Flournoy St. SOLD lots 27-28-29-30-31; retained lots 25, 26 & 32."
16-13-227-047-0000,Western Ave. to Campbell Ave.
16-13-227-046-0000,Western Ave. to Campbell Ave.
16-13-227-045-0000,Western Ave. to Campbell Ave.
16-13-227-044-0000,Western Ave. to Campbell Ave.
16-13-227-043-0000,Western Ave. to Campbell Ave.
16-13-227-042-0000,Western Ave. to Campbell Ave.
16-13-227-041-0000,Western Ave. to Campbell Ave.
16-13-227-040-0000,Western Ave. to Campbell Ave.
16-13-227-039-0000,Western Ave. to Campbell Ave.
16-13-226-038-0000,Campbell Ave. to Maplewood
16-13-226-037-0000,Campbell Ave. to Maplewood
16-13-226-036-0000,Campbell Ave. to Maplewood
16-13-226-035-0000,Campbell Ave. to Maplewood
16-13-226-034-0000,Campbell Ave. to Maplewood
16-13-226-033-0000,Campbell Ave. to Maplewood
16-13-226-015-0000,Campbell Ave. to Maplewood
16-13-226-006-0000,Campbell Ave. to Maplewood
16-13-225-032-0000,Maplewood Ave. to Rockwell Ave.
16-13-130-053-0000,Between Sacramento & Albany
16-13-128-066-0000,California Ave. to Francisco
16-13-128-060-0000,California Ave. to Francisco
16-13-126-055-0000,West side of Sacramento Ave.
16-13-126-054-0000,West side of Sacramento Ave.
16-13-126-053-0000,West side of Sacramento Ave.
16-13-126-050-0000,West side of Sacramento Ave.
16-11-307-015-0000,Maypole to West End. Ave.
16-11-307-012-0000,Maypole to West End. Ave.
16-11-307-011-0000,Maypole to West End. Ave.
16-11-307-006-0000,Maypole to West End. Ave.
16-11-305-017-0000,264 N. Harding Ave.
16-11-305-011-0000,241-45 North Pulaski Road
16-11-305-010-0000,241-45 North Pulaski Road
16-11-301-004-0000,"3900 West Maypole, Chgo"
16-11-301-002-0000,"3900 West Maypole, Chgo"
16-10-301-003-0000,"4750 and 4756-58 W. Lake St., Chgo"
16-10-301-002-0000,"4752 W. Lake St., Chgo"
16-10-301-001-0000,"4750 and 4756-58 W. Lake St., Chgo"
16-10-200-062-0000,4301 West Chicago Ave.
16-10-200-012-0000,4301 West Chicago Ave.
16-09-500-002-0000,Lake Street between Laramie Ave & Lockwood
16-09-301-032-0000,342-344 N. Lotus Ave.
16-09-301-031-0000,342-344 N. Lotus Ave.
16-08-418-030-0000,5950-68 W. Madison St. & N. Austin Blvd. (corner lot)
16-08-418-022-0000,5960-62 W. Madison
16-05-426-026-0000,Chicago/Austin
16-05-426-025-0000,Chicago/Austin
16-05-426-024-0000,Chicago/Austin
16-05-426-023-0000,Chicago/Austin
16-05-426-022-0000,Chicago/Austin
16-05-400-001-0000,Division & Austin
15-14-500-041-0000,
15-13-500-005-0000,Forest Park - Desplaines Ave.
15-13-500-003-0000,Forest Park - Desplaines Ave.
15-13-112-019-8001(***),Blue Line
15-13-112-018-8001(***),Blue Line
15-13-112-015-8001,
15-13-112-014-0000,
15-12-400-009-0000,Strip west of Harlem Ave.
15-12-400-007-0000,Strip west of Harlem Ave.
14-33-500-006-8001,North Ave. / Halsted St.
14-33-500-005-0000,North Ave to Halsted Street
14-33-500-004-0000,North Ave to Halsted Street
14-33-500-002-0000,North Ave to Halsted Street
14-32-500-029-0000,Halsted St. to Dayton
14-32-500-026-0000,Webster Ave. to Belden Ave.
14-32-500-025-0000,Webster Ave. to Belden Ave.
14-32-500-023-0000,Webster Ave. to Belden Ave.
14-32-500-021-0000,Halsted St. to Dayton
14-32-500-020-0000,Dayton St. to Willow St.
14-32-500-019-0000,Dayton St. to Willow St.
14-32-500-018-0000,Willow to Wisconsin St.
14-32-500-017-0000,Willow to Wisconsin St.
14-32-500-016-0000,Willow to Wisconsin St.
14-32-500-015-0000,Wisconsin St. to Armitage Ave.
14-32-500-014-0000,Wisconsin St. to Armitage Ave.
14-32-500-013-0000,Wisconsin St. to Armitage Ave.
14-32-500-012-0000,Wisconsin St. to Armitage Ave.
14-32-500-011-0000,Wisconsin St. to Armitage Ave.
14-32-500-010-0000,Wisconsin St. to Armitage Ave.
14-32-500-009-0000,Armitage Ave. to Dickens Ave.
14-32-500-008-0000,Armitage Ave. to Dickens Ave.
14-32-500-007-0000,Dickens Ave. to Webster Ave.
14-32-500-004-0000,Between Belden & Webster Ave.
14-32-407-100-0000,939 W. Armitage Ave.
14-32-225-044-0000,948 W. Armitage Ave.
14-31-500-040-0000,Between Concord Pl & North Ave
14-31-500-039-0000,Between Concord Pl & North Ave
14-31-500-038-0000,Between Concord Pl & North Ave
14-31-500-015-0000,Between Columbia Ave & Concord Pl
14-31-500-014-0000,Between Columbia Ave & Concord Pl
14-31-500-013-0000,Between Wabansia Ave & Columbia Ave.
14-31-500-012-0000,Between Wabansia Ave & Columbia Ave.
14-31-500-011-0000,Between Wabansia Ave & Columbia Ave.
14-31-500-010-0000,Between Bloomingdale Rd & Wabansia Ave.
14-31-500-009-0000,Between Bloomingdale Rd & Wabansia Ave.
14-31-500-008-0000,Between Moffat St & Bloomingdale Rd.
14-31-500-007-0000,Between Moffat St & Bloomingdale Rd.
14-31-500-006-0000,Between Western & Moffat
14-31-500-005-0000,Between Western & Moffat
14-31-500-004-0000,Between Western & Moffat
14-31-500-003-0000,Between Western & Moffat
14-31-500-002-0000,Between Western & Moffat
14-31-500-001-0000,Between Western & Moffat
14-31-308-024-0000,1903 N. Western Ave.
14-31-308-023-0000,1905 N. Western Ave.
14-29-500-042-8001 (***),945 W. Wellington Ave.
14-29-500-042-8001,Oakdale Ave. to Wellington Ave.
14-29-500-041-8001,Fletcher St. to Belmont Ave.
14-29-500-040-0000,North side of Fullerton Ave. and ROW
14-29-500-039-0000,937-39 W. Diversey Ave.
14-29-500-038-8001,Wolfram St. to George St.
14-29-500-036-0000,Lincoln Ave. to Wrightwood Ave.
14-29-500-035-0000,Schubert Ave. to Diversey St.
14-29-500-031-0000,Fullerton Ave. to Montana St.
14-29-500-030-0000,Montana St. to Altgeld
14-29-500-029-0000,Montana St. to Altgeld
14-29-500-023-0000,RT ROW Lincoln to Altgeld Avenues
14-29-500-023-0000,N.E. side of N. Lincoln ave.
14-29-500-022-0000,N.E. side of N. Lincoln ave.
14-29-500-020-0000,Wrightwood Ave. to Schubert Ave.
14-29-500-019-0000,Wrightwood Ave. to Schubert Ave.
14-29-500-018-0000,Wrightwood Ave. to Schubert Ave.
14-29-500-017-0000,Wrightwood Ave. to Schubert Ave.
14-29-500-015-0000,S. of Diversey St.
14-29-500-014-0000,Diversey to Wolfram St.
14-29-500-013-0000,Diversey to Wolfram St.
14-29-500-011-0000,Wolfram St. to George St.
14-29-500-010-0000,George St. to Oakdale Ave.
14-29-500-009-0000,George St. to Oakdale Ave.
14-29-500-007-0000,Wellington Ave. to Barry Ave.
14-29-500-006-0000,Wellington Ave. to Barry Ave.
14-29-500-005-0000,Wellington Ave. to Barry Ave.
14-29-500-004-0000,Barry Ave. to Fletcher St.
14-29-500-003-0000,Barry Ave. to Fletcher St.
14-29-500-002-0000,Fletcher St. to Belmont Ave.
14-29-427-075-0000,936-38 W. Fullerton Ave.
14-29-427-073-0000,961 W. Montana St.
14-29-419-051-0000,Lincoln Ave. to Wrightwood Ave.
14-29-419-050-0000,Lincoln Ave. to Wrightwood Ave.
14-29-419-049-0000,Lincoln Ave. to Wrightwood Ave.
14-29-404-024-0000,2740 N. Wilton Ave.
14-29-404-023-0000,2744 N. Wilton Ave.
14-29-404-006-0000,945-47 W. Diversey Ave.
14-29-217-014-0000,919 W. Wellington Ave.
14-29-211-044-0000,924 W. Wellington Ave.
14-29-206-085-0000,944-46 W. Barry Ave.
14-29-206-031-0000,936 W. Barry Ave.
14-29-206-005-0000,935 W. Fletcher St.
14-29-206-004-0000,937 W. Fletcher St.
14-29-206-003-0000,947 W. Fletcher St.
14-29-204-046-0000,945 W. Belmont Ave.
14-29-204-045-0000,934 W. Fletcher St.
14-29-204-014-0000,936 W. Fletcher St.
14-21-313-051-0000,3211-17 N. Halsted St. & 748-50 W. Belmont
14-21-313-034-0000,3211-17 N. Halsted St. & 748-50 W. Belmont
14-21-104-003-0000,"3721-25 N. Halsted St., N. of W. Waveland Ave."
14-20-502-019-0000,Seminary to Sheffield
14-20-502-018-0000,Sheffield to Roscoe
14-20-502-017-0000,Sheffield to Roscoe
14-20-502-016-0000,Sheffield to Roscoe
14-20-502-015-0000,Seminary to Sheffield
14-20-502-013-0000,Racine to Seminary
14-20-502-012-0000,Racine to Seminary
14-20-502-011-0000,Lakewood to Racine
14-20-502-010-0000,Southport to Lakewood
14-20-502-009-0000,Southport to Lakewood
14-20-502-008-0000,Janssen to Southport
14-20-502-007-0000,Janssen to Southport
14-20-502-006-0000,Greenview to Janssen
14-20-502-005-0000,Greenview to Janssen
14-20-502-004-0000,Bosworth to Greenview
14-20-502-003-0000,Bosworth to Greenview
14-20-502-002-0000,Ashland to Bosworth
14-20-502-001-0000,Ashland to Bosworth
14-20-501-049-0000,Dakin St. to N. Sheridan Rd.
14-20-501-048-0000,Grace St. to Sheridan Rd.
14-20-501-047-0000,North side of Belmont Ave. and ROW
14-20-501-046-0000,Belmont Ave. to School St.
14-20-501-044-8001,Main Line North - South side of Dakin to Alley Bent 132 to 134
14-20-501-044-8001,W. Sheridan Rd. to Dakin St.
14-20-501-043-8001,W. Sheridan Rd. to Dakin St.
14-20-501-039-8001,N. Sheridan Rd. to Irving Park Ave.
14-20-501-038-8001,N. Sheridan Rd. to Irving Park Ave.
14-20-501-031-0000,School St. to Roscoe St.
14-20-501-030-0000,School St. to Roscoe St.
14-20-501-029-0000,School St. to Roscoe St.
14-20-501-028-0000,School St. to Roscoe St.
14-20-501-027-0000,School St. to Roscoe St.
14-20-501-026-0000,School St. to Roscoe St.
14-20-501-025-0000,School St. to Roscoe St.
14-20-501-024-0000,Roscoe St. to Newport Ave.
14-20-501-023-0000,Roscoe St. to Newport Ave.
14-20-501-022-0000,Roscoe St. to Newport Ave.
14-20-501-021-0000,Newport Ave. to Cornelia St.
14-20-501-020-0000,Newport Ave. to Cornelia St.
14-20-501-019-0000,Cornelia to Addison
14-20-501-018-0000,Cornelia to Addison
14-20-501-016-0000,Addison St. to Waveland Ave.
14-20-501-015-0000,Waveland Ave to Grace St.
14-20-501-014-0000,Waveland Ave to Grace St.
14-20-501-013-0000,Waveland Ave to Grace St.
14-20-501-011-0000,Grace St. to Sheridan Rd.
14-20-501-010-0000,Grace St. to Sheridan Rd.
14-20-501-009-0000,Grace St. to Sheridan Rd.
14-20-501-008-0000,Grace St. to Sheridan Rd.
14-20-501-003-0000,N. Sheridan Rd. to Irving Park Ave.
14-20-425-032-1029,3252 N. Wilton Ave.
14-20-425-032-1028,3252 North Wilton Avenue - Unit 4D
14-20-425-032-1027,3252 N. Wilton Ave.
14-20-425-032-1026,3252 N. Wilton Ave.
14-20-425-032-1025,3252 N. Wilton Ave.
14-20-425-032-1024,3252 N. Wilton Ave.
14-20-425-032-1023,3252 N. Wilton Ave.
14-20-425-032-1022,3252 N. Wilton Ave.
14-20-425-032-1021,3252 N. Wilton Ave.
14-20-425-032-1020,3252 N. Wilton Ave.
14-20-425-032-1019,3252 N. Wilton Ave.
14-20-425-032-1018,3252 N. Wilton Ave.
14-20-425-032-1017,3252 N. Wilton Ave.
14-20-425-032-1016,3252 N. Wilton Ave.
14-20-425-032-1015,3252 N. Wilton Ave.
14-20-425-032-1014,3252 N. Wilton Ave.
14-20-425-032-1013,3252 N. Wilton Ave.
14-20-425-032-1012,3252 North Wilton Avenue - Unit 4D
14-20-425-032-1011,3252 N. Wilton Ave.
14-20-425-032-1010,3252 N. Wilton Ave.
14-20-425-032-1009,3252 N. Wilton Ave.
14-20-425-032-1008,3252 N. Wilton Ave.
14-20-425-032-1007,3252 N. Wilton Ave.
14-20-425-032-1006,3252 N. Wilton Ave.
14-20-425-032-1005,3252 N. Wilton Ave.
14-20-425-032-1004,3252 N. Wilton Ave.
14-20-425-032-1003,3252 N. Wilton Ave.
14-20-425-032-1002,3252 N. Wilton Ave.
14-20-425-032-1001,3252 N. Wilton Ave.
14-20-425-029-0000 (***),938-44 W. Belmont Ave.
14-20-425-028-0000 (***),3206 N. Wilton Ave.
14-20-425-027-0000 (***),3206 N. Wilton Ave.
14-20-425-026-0000,3214-18 N. Wilton Ave.
14-20-425-025-0000,3214-18 N. Wilton Ave.
14-20-425-024-0000,3220-22 N. Wilton Ave.
14-20-425-023-0000,3224 N. Wilton Ave.
14-20-425-022-0000,3228 N. Wilton Ave.
14-20-425-021-0000,3230 N. Wilton Ave.
14-20-425-020-0000,3232 N. Wilton Ave.
14-20-425-019-0000,3236 N. Wilton Ave.
14-20-425-018-0000,3240 N. Wilton Ave.
14-20-418-034-0000,924-928 W. School St.
14-20-418-026-0000,3346 - 3448 N. Clark St.
14-20-413-088-0000,947 - 949 W. Newport Ave.
14-20-413-005-0000,3401 - 3407 N. Clark St.
14-20-313-036-0000,3409 N. Southport Ave.
14-20-313-034-0000,3417 N. Southport Ave.
14-20-311-031-0000,3408 N. Southport Ave.
14-20-311-030-0000,3412 N. Southport Ave.
14-20-228-041-8001,Addison St. to Waveland Ave.
14-19-500-049-0000,3413 N. Paulina Ave.
14-19-500-048-0000,Patterson to Waveland
14-19-500-047-0000,Grace to Bernice
14-19-500-046-0000,Newport to Cornelia
14-19-500-045-0000,Bernice to Byron
14-19-500-044-0000,Ravenswood to Lincoln
14-19-500-041-0000,Marshfield to Ashland
14-19-500-040-0000,Paulina to Marshfield
14-19-500-039-0000,Paulina to Marshfield
14-19-500-038-0000,Ravenswood to Lincoln
14-19-500-037-0000,Ravenswood to Lincoln
14-19-500-035-0000,Grace to Bernice
14-19-500-035-0000,Ravenswood to Lincoln
14-19-500-034-0000,Ravenswood to Newport
14-19-500-033-0000,Ravenswood to Newport
14-19-500-031-0000,Newport to Cornelia
14-19-500-030-0000,Newport to Cornelia
14-19-500-029-0000,Newport to Cornelia
14-19-500-028-0000,Cornelia to Eddy
14-19-500-027-0000,Cornelia to Eddy
14-19-500-026-0000,Cornelia to Eddy
14-19-500-025-0000,Cornelia to Eddy
14-19-500-024-0000,Eddy to Addison
14-19-500-023-0000,Eddy to Addison
14-19-500-022-0000,Eddy to Addison
14-19-500-021-0000,Eddy to Addison
14-19-500-020-0000,Addison to Patterson
14-19-500-019-0000,Addison to Patterson
14-19-500-018-0000,Addison to Patterson
14-19-500-017-0000,Addison to Patterson
14-19-500-013-0000,Waveland to Grace
14-19-500-011-0000,Grace to Bernice
14-19-500-010-0000,Grace to Bernice
14-19-500-008-0000,Bernice to Byron
14-19-500-007-0000,Byron to Dakin
14-19-500-006-0000,Byron to Dakin
14-19-500-005-0000,Byron to Dakin
14-19-500-004-0000,Dakin to Irving Park
14-19-500-003-0000,Dakin to Irving Park
14-19-500-002-0000,Dakin to Irving Park
14-19-500-001-0000,Dakin to Irving Park
14-19-416-043-0000,3409 N. Paulina St. (Parcel 38)
14-19-416-037-0000,3408 N. Marshfield Ave.
14-19-414-044-0000,3400 N. Lincoln Ave.
14-19-414-037-0000,3416 N. Lincoln Ave.
14-19-228-037-0000,1809 W. Patterson St.
14-19-228-034-0000,1822 W. Addison St.
14-19-220-013-0000,1801 W. Grace St.
14-19-201-037-0000,1815 W. Irving Pk Rd.
14-19-201-033-0000,1813 W. Irving Park Rd.
14-18-500-060-0000,1820 W. Irving Park Rd
14-18-500-055-0000,East side Western South of Leland
14-18-500-052-0000,Wilson to Sunnyside
14-18-500-051-0000,Wilson to Sunnyside
14-18-500-049-0000,West side Lincoln South of Leland
14-18-500-048-0000,Warner to Berteau & Wolcott & Wilson
14-18-500-046-0000,Irving Park to Cuyler
14-18-500-045-0000,Irving Park to Cuyler
14-18-500-044-0000,Cuyler to Belle Plaine
14-18-500-043-0000,Cuyler to Belle Plaine
14-18-500-042-0000,Warner to Belle Plaine
14-18-500-040-0000,Berteau to Warner
14-18-500-039-0000,Berteau to Warner
14-18-500-034-0000,Wilson to Sunnyside
14-18-500-033-0000,Ravenswood to Wolcott
14-18-500-032-0000,Ravenswood to Wolcott
14-18-500-031-0000,Ravenswood to Wolcott
14-18-500-026-0000,Warner to Berteau & Wolcott & Wilson
14-18-500-025-0000,West side Wolcott Ave.
14-18-500-023-0000,Wolcott to Winchester Right of Way
14-18-500-022-0000,Wolcott to Winchester Right of Way
14-18-500-021-0000,Winchester to Damen
14-18-500-020-0000,Winchester to Damen
14-18-500-018-0000,Winchester to Damen
14-18-500-017-0000,Damen Ave. to Seeley Ave.
14-18-500-016-0000,Damen Ave. to Seeley Ave.
14-18-500-015-0000,Seeley to Hamilton
14-18-500-014-0000,Hamilton to Leavitt
14-18-500-013-0000,Hamilton to Leavitt
14-18-500-012-0000,Hamilton to Leavitt
14-18-500-011-0000,Leavitt to Lincoln
14-18-500-010-0000,Leavitt to Lincoln
14-18-500-009-0000,Leavitt to Lincoln
14-18-500-008-0000,Leavitt to Lincoln
14-18-500-007-0000,Leavitt to Lincoln
14-18-500-005-0000,Lincoln Ave. to Western Ave.
14-18-500-004-0000,Lincoln Ave. to Western Ave.
14-18-500-003-0000,Lincoln Ave. to Western Ave.
14-18-500-002-0000,"N. Western Ave. S. of W. Leland Ave., Plat No. 2-P-33"
14-18-424-037-0000,Irving Park Station and ROW
14-18-424-032-0000,1816 W. Irving Park Rd.
14-18-417-034-0000,Warner Ave. to Belle Plaine Ave.
14-18-412-035-0000,Berteau Ave. to Warner Ave.
14-18-402-058-0000,1813 W. Montrose Ave.
14-18-228-020-0000,1814 W. Addison St.
14-18-220-023-0000,Sunnyside to Montrose
14-18-220-022-0000,Sunnyside to Montrose
14-18-208-021-0000,Ravenswood Ave. to Wolcott Ave.
14-18-208-020-0000,Ravenswood Ave. to Wolcott Ave.
14-18-208-019-0000,Ravenswood Ave. to Wolcott Ave.
14-18-208-018-0000,Ravenswood Ave. to Wolcott Ave.
14-18-206-033-0000,Damen Station and ROW
14-18-206-031-0000,4639 N. Damen Ave.
14-18-206-009-0000,4647 N. Damen Ave.
14-18-114-022-0000,4634-38 N. Damen Ave.
14-18-114-020-0000,4646 N. Damen Ave.
14-18-110-027-0000,"N. Western Ave. S. of W. Leland Ave., Plat No. 2-P-35"
14-18-110-026-0000,"N. Western Ave. S. of W. Leland Ave., Plat No. 2-P-34"
14-18-110-023-0000,Western & Leland Ave.
14-18-110-007-0000,"N. Western Ave. S. of W. Leland Ave., Plat No. 2-P-32"
14-17-501-014-0000,Irving Park to Buena Ave.
14-17-501-013-0000,Irving Park to Buena Ave.
14-17-501-012-0000,Irving Park to Buena Ave.
14-17-501-011-0000,Irving Park to Buena Ave.
14-17-501-010-0000,Irving Park to Buena Ave.
14-17-501-009-0000,Irving Park to Buena Ave.
14-17-501-008-0000,Irving Park to Buena Ave.
14-17-501-007-0000,Irving Park to Buena Ave.
14-17-501-006-0000,Irving Park to Buena Ave.
14-17-501-005-0000,Irving Park to Buena Ave.
14-17-501-004-0000,Buena Ave. to Montrose Ave.
14-17-501-003-0000,Buena Ave. to Montrose Ave.
14-17-501-002-0000,Buena Ave. to Montrose Ave.
14-17-501-001-0000,Buena Ave. to Montrose Ave.
14-17-500-006-0000,Montrose to Wilson West of Broadway;and Wilson to Lawrence.
14-17-217-030-8001,Montrose to Wilson west of Broadway
14-17-217-014-0000,4401 N. Clifton Avenue
14-08-500-002-8001,Argyle to Bryn Mawr
14-08-404-031-8001,1120 W. Argyle St.
14-08-200-043-0000,"Bryn Mawr Station, south side of street"
14-05-500-002-8001,Bryn Mawr Ave. to Devon Ave.
14-05-400-029-0000,Rear of 5843 Broadway at Ardmore
14-05-400-028-0000,Rear of 5843 Broadway at Ardmore
14-05-208-057-8001,1117-21 Granville Ave.
13-36-500-034-0000,Between Homer & Western
13-36-500-033-0000,Between Homer & Western
13-36-500-032-0000,Between Homer & Western
13-36-500-031-0000,Between Armitage & Homer
13-36-500-030-0000,Between Armitage & Homer
13-36-500-029-0000,Between Armitage & Homer
13-36-500-028-0000,Between Armitage & Homer
13-36-500-027-0000,Between Armitage & Homer
13-36-500-026-0000,Between Attvill St. & Armitage
13-36-500-025-0000,Between Attvill St. & Armitage
13-36-500-024-0000,Between Attvill St. & Armitage
13-36-500-023-0000,Between Attvill St. & Armitage
13-36-500-022-0000,Between Attvill St. & Armitage
13-36-500-021-0000,Between Attvill St. & Armitage
13-36-500-020-0000,Between Attvill St. & Armitage
13-36-500-019-0000,Between Attvill St. & Armitage
13-36-500-018-0000,Between Attvill St. & Francis St.
13-36-500-017-0000,Between Attvill St. & Francis St.
13-36-500-016-0000,Between Prindiville & Attvill
13-36-500-015-0000,Between Prindiville & Attvill
13-36-500-014-0000,Between Prindiville & Attvill
13-36-500-013-0000,Between Prindiville & Attvill
13-36-500-012-0000,Between George St. to Prindwille
13-36-500-011-0000,Between George St. to Prindwille
13-36-500-010-0000,Between California to George St.
13-36-500-008-0000,Between Lyndale Ave. & California
13-36-500-007-0000,Between Belden & Lyndale Aves.
13-36-500-006-0000,Between Belden & Lyndale Aves.
13-36-500-005-0000,Between Belden & Lyndale Aves.
13-36-500-004-0000,Between Belden & Lyndale Aves.
13-36-500-003-0000,Between Medill & Belden
13-36-500-002-0000,Between Fullerton Ave. & Medill
13-36-500-001-0000,Between Fullerton Ave. & Medill
13-36-214-026-8001,Between California to George St.
13-33-113-032-0000,"W. Grand Ave. W. of N. Latrobe Ave., Plat No. 2-P-72"
13-33-113-030-0000,"W. Grand Ave. W. of N. Latrobe Ave., Plat No. 2-P-72"
13-32-315-027-0000,"N. Narragansett Ave. & W. North Ave., Plat No. 2-P-39 (Inside Lot)"
13-30-326-032-0000,"7016-30 W. Grand Ave. E. of N. Nordica Ave., Plat No. 2-P-64"
13-30-326-029-0000,"7016-30 W. Grand Ave. E. of N. Nordica Ave., Plat No. 2-P-64"
13-30-127-027-0000,(Corner Lot) W. Diversey Ave. & N. Neva Ave.; Plat No. 2-P-1229
13-26-215-001-0000,3401 W. Barry Ave. (Barry/Kimball) Lot 1
13-25-500-011-0000,Rear of Logan Square Station
13-25-500-010-8001,Between Linden Pl. & Milwaukee Ave.
13-25-500-008-8001,Logan Square Station
13-25-500-007-0000,Between Sacramento to Fullerton
13-25-500-006-0000,Between Sacramento to Fullerton
13-25-500-005-0000,Between Linden Pl. & Sacramento Ave.
13-25-314-060-0000,"Milwaukee Ave., Logan Blvd., Kedzie Ave."
13-25-314-056-0000,"Milwaukee Ave., Logan Blvd., Kedzie Ave."
13-25-314-053-0000,Milwaukee/Kedzie/Logan Blvd.
13-19-434-046-0000,6405 School St.
13-17-300-079-0000,"(Corner Lot) W. Montrose Ave. & N. Narragansett Ave., Plat No. 2-P-111"
13-16-403-018-0000,(Corner Lot) N. Cicero Ave. & W. Pensacola Ave. Polat no. 2-P-51
13-16-403-017-0000,(Corner Lot) N. Cicero Ave. & W. Pensacola Ave. Polat no. 2-P-50
13-16-403-016-0000,(Corner Lot) N. Cicero Ave. & W. Pensacola Ave. Polat no. 2-P-49
13-15-423-014-8001,4120 W. Irving Park Road; 4019 N. Kedvale; Plat No. 2-P-272
13-14-204-054-8001,Lawrence / Kimball Yards
13-14-204-047-0000,Lawrence / Kimball Yards
13-14-204-020-0000,Lawrence / Kimball Yards
13-14-204-018-0000,Lawrence / Kimball Yards
13-13-500-003-8001,Campbell Ave. to Rockwell Ave.
13-13-500-001-0000,Albany to Kedzie
13-13-111-011-0000,West of North Shore Channel
13-13-111-009-0000,West of North Shore Channel
13-12-226-019-0000,5316-28 N. Western Ave.
13-12-101-012-0000,3100-26 W. Foster Ave.
13-12-101-006-0000,3100-26 W. Foster Ave.
13-12-100-033-0000,5329 North Kedzie Ave.
13-09-118-013-0000,5601 N. Elston Ave.
13-04-312-028-8001,5304-20 W. Armstrong Ave.; 5415-41 W. Armstrong Ave.
13-04-312-022-0000,5601 N. Elston Ave.
13-04-312-018-0000,5304-20 W. Armstrong Ave.; 5415-41 W. Armstrong Ave.
13-04-312-014-0000,5353 W. Armstrong Ave.
13-04-312-012-0000,5353 W. Armstrong Ave.
13-04-312-011-0000,5304-20 W. Armstrong Ave.; 5415-41 W. Armstrong Ave.
12-26-201-075-0000,Belmont & Thatcher (Cumberland)
12-25-206-027-0000,Belmont & Octavia (corner Lot)
12-23-400-006-0000,Addison/Pontiac
11-32-500-011-0000,Morse Ave. to Greenleaf Ave.
11-32-500-010-0000,Pratt Blvd. to Farwell Ave.
11-32-500-007-8001,Devon Ave. to east side of Sheridan Rd.
11-32-500-006-0000,Northside Sheridan and eastside Sheridan next to Loyola campus
11-32-500-004-0000,West Side Sheridan Rd. to Pratt Blvd.
11-32-500-001-0000,Greenleaf Ave. to Touhy Ave.
11-32-122-008-0000,North side of W. Pratt Ave.
11-32-122-006-0000,North side of W. Pratt Ave.
11-32-121-016-0000,North side of W. Pratt Ave.
11-32-121-007-0000,South side of W. Farwell Ave.
11-32-116-030-8001,1405 Morse Ave.
11-32-116-019-0000,Farwell Ave. to Morse Ave.
11-32-116-009-0000,Farwell Ave. to Morse Ave.
11-32-113-028-0000,Morse Ave. to Lunt Ave.
11-32-113-023-8001,1402 Morse Ave.
11-32-109-010-0000,North side of W. Lunt Ave.
11-32-109-005-0000,South side of W. Greenleaf Ave.
11-32-105-023-0000,North side of Greenleaf Ave.
11-32-105-013-0000,South side of W. Estes Ave.
11-32-101-010-0000,North  side of W. Estes Ave.
11-31-417-004-0000,N. Clark St. & W. Arthur Ave. Plat No. 2-P-27 (part)
11-31-416-094-0000 (Part),N. Clark St. & W. Arthur Ave. Plat No. 2-P-28
11-30-500-004-0000,Between Rogers Ave & Howard
11-30-500-003-0000,Fargo Avenue to Howard St.
11-30-404-054-8001,Howard Station
11-30-404-029-0000,"South of Howard St., east of Hermitage Ave., N of Rogers Ave., adj. to CTA ROW (Red Line)"
11-30-404-028-0000,
11-30-404-007-0000,Fargo to Howard
11-30-300-044-0000,N. Western Ave. N. of W. Birchwood Ave.; Plat No. 2-P-31
11-30-213-051-0000,Howard St. Terminal & Yard
11-30-213-050-0000,Howard St. Terminal & Yard
11-30-213-049-0000,Howard St. Terminal & Yard
11-30-213-046-8001,Howard St. Terminal & Yard
11-30-213-042-0000,Howard St. Terminal & Yard
11-30-213-021-0000,Howard St. Terminal & Yard
11-30-213-011-0000,Howard St. Terminal & Yard
11-30-213-009-0000,Howard St. Terminal & Yard
11-30-213-006-0000,Howard St. Terminal & Yard
11-30-213-005-0000,Howard St. Terminal & Yard
11-30-213-004-0000,Howard St. Terminal & Yard
11-30-213-003-0000,Howard St. Terminal & Yard
11-30-212-016-0000,212-216 Chicago Ave.
11-30-212-015-0000,Mulford St. to Oakton St.
11-30-208-004-0000,Chicago Ave. to Callan Ave.
11-30-206-017-0000,Callan Ave. to Custer Ave.
11-30-206-007-0000,Callan Ave. to Custer Ave.
11-30-118-015-0000,Custer Ave. to Elmwood Ave.
11-30-118-001-0000,Custer Ave. to Elmwood Ave.
11-30-117-001-0000,Elmwood Ave. to Ridge Ave.
11-30-116-021-0000,Ridge Ave to Vacation of SS R/W Barton Ave.
11-30-116-020-0000,Ridge Ave to Vacation of SS R/W Barton Ave.
11-30-115-008-0000,Barton Ave (vacation to E. side of Asbury Ave.)
11-30-115-007-0000,Barton Ave (vacation to E. side of Asbury Ave.)
11-29-500-003-0000,Jarvis Station and Red Line ROW
11-19-501-026-0000,Main St. to Lee St.
11-19-501-024-0000,Main St. to Lee St.
11-19-501-023-0000,Oakton St. to South Blvd.
11-19-501-022-0000,South Blvd to Kenney St.
11-19-501-012-0000,Main St. to Lee St.
11-19-501-010-0000,Lee St. to Greenleaf St.
11-19-501-009-0000,Lee St. to Greenleaf St.
11-19-501-008-0000,Lee St. to Greenleaf St.
11-19-501-007-0000,Lee St. to Greenleaf St.
11-19-501-006-0000,Greenleaf St. to Dempster St.
11-19-501-005-0000,Greenleaf St. to Dempster St.
11-19-501-004-0000,Greenleaf St. to Dempster St.
11-19-501-003-0000,Greenleaf St. to Dempster St.
11-19-501-002-0000,Greenleaf St. to Dempster St.
11-19-501-001-0000,Greenleaf St. to Dempster St.
11-19-425-004-0000,Keeney Street to Madison Street
11-19-425-003-0000,Keeney St. to Madison St.
11-19-424-006-0000,Chicago & Main
11-19-424-005-0000,Chicago & Main
11-19-424-004-0000,Madison St. to Washington St.
11-18-500-023-0000,Hamlin St. to Simpson St.
11-18-500-022-0000,Garnett Pl. to Foster
11-18-500-021-0000,Davis St. to Church St.
11-18-500-020-0000,Dempster to Greenwood Blvd.
11-18-500-019-0000,Dempster to Greenwood Blvd.
11-18-500-018-0000,Greenwood Blvd. to Lake St.
11-18-500-016-0000,Lake St. to Grove St.
11-18-500-015-0000,Grove to Davis St.
11-18-500-010-0000,West side of Benson Ave. north of University Pl.
11-18-500-008-0000,Emerson St. to Garnett Pl
11-18-500-007-0000,Emerson St. to Garnett Pl
11-18-500-006-0000,Emerson St. to Garnett Pl
11-18-500-005-0000,Garnett Pl. to Foster
11-18-500-003-0000,Foster St. to Hamlin St.
11-18-500-002-0000,Foster St. to Hamlin St.
11-18-317-007-0000,S.W. corner Lake St. & Sherman Ave.
11-18-311-028-0000,between Davis & Grove Sts.
11-18-125-015-0000,between Clark & Church
11-18-118-005-8001,Clark St. to University Pl.
11-18-113-007-0000,N. side University Pl between Benson & Maple
11-18-109-044-0000,Garnett Pl. to Foster
11-18-109-042-0000,Emerson St. to Garnett Pl
11-18-109-040-0000,Emerson St. to Garnett Pl
11-07-500-018-0000,South of Lincoln St.
11-07-500-015-0000,South of Lincoln St.
11-07-500-014-0000,Simpston St. to Gaffield Pl.
11-07-500-013-0000,Simpston St. to Gaffield Pl.
11-07-500-012-0000,Gaffield Pl. to Noyes St.
11-07-500-011-0000,Gaffield Pl. to Noyes St.
11-07-500-010-0000,Gaffield Pl. to Noyes St.
11-07-500-009-0000,Noyes St. to Colfax St.
11-07-500-008-0000,Noyes St. to Colfax St.
11-07-500-007-0000,Noyes St. to Colfax St.
11-07-500-004-0000,Central St. to Lincoln St.
11-07-500-003-0000,Central St. to Lincoln St.
11-07-114-020-0000,Noyes St. to Colfax St.
11-07-109-017-0000,Lot 13 north side of Colfax
11-07-102-030-8001,Between Central & Lincoln
11-07-101-012-8001,"So. side of Central Street, Evanston IL"
10-27-500-010-8001,Between Crawford Ave. & Oakton St.
10-27-500-009-8001,Karlov Ave. to E. Prairie Ave.
10-27-500-008-8001,Karlov to Keeler
10-27-500-007-0000,Oakton St. to Kenton Ave.
10-27-500-006-0000,Oakton St. to Kenton Ave.
10-26-500-001-0000,McCormick Blvd. to W. Line of Skokie Shops and South of Shops
10-26-109-009-0000,Avers to Hamlin
10-26-102-005-0000,3701 W. Oakton Streeet
10-25-219-020-0000,"Lots 1 & 2 (vacant ROW); 214 Asbury Avenue, Evanston, west side of Asbury"
10-25-214-019-0000,"Lots 1 & 2 (vacant ROW); 214 Asbury Avenue, Evanston, west side of Asbury"
10-25-213-066-0000,Florence Ave. to Dodge Ave.
10-25-105-001-0000,Chicago & West Ridge RR to Dodge Ave.
10-25-104-001-0000,Hartney Ave. to Chicago & W Ridge RR
10-22-501-001-0000,Oakton St. & NW corner Cicero
10-21-501-022-0000,"Dempster St. to Carol Ave., 5001 Dempster"
10-21-501-020-0000,Valos St to Searle Parkway
10-21-501-019-0000,Conrad Ave. to Lee St.
10-21-501-018-0000,Lee St to Elm St.
10-21-501-017-0000,Elm St. To Main St.
10-21-501-009-0000,Valos St to Searle Parkway
10-21-501-008-0000,Valos St to Searle Parkway
10-21-501-007-0000,Valos St to Searle Parkway
10-21-501-006-0000,Main St. to Valos St.
10-21-501-002-0000,Carol Ave to Conrad Ave
10-21-217-002-0000,"Vicinity of Greenleaft St. & terminal Ave., Skokie"
09-36-105-111-0000,7649-59 W. Touhy Ave.; 7157-63 N. Overhill Ave.
05-35-500-010-0000,Central St. to Chancellor St.
05-35-500-009-0000,Chancellor St. to Isabella St.
05-35-500-008-0000,Chancellor St. to Isabella St.
05-35-500-007-0000,Chancellor St. to Isabella St.
05-35-500-006-0000,Chancellor St. to Isabella St.
05-35-500-005-0000,Chancellor St. to Isabella St.
05-35-500-004-0000,Isabella St. to Maple Ave.
05-35-500-003-0000,Isabella St. to Maple Ave.
05-35-500-002-0000,Isabella St. to Maple Ave.
05-35-500-001-0000,Maple Ave. to Laurel Ave.
05-35-306-023-0000,Between Gregory St. and Maple Ave.
05-35-115-116-0000,Maple Ave. to Laurel Ave.
05-35-115-113-0000,Maple Ave. to Laurel Ave.
05-35-115-043-0000,Maple Ave. to Laurel Ave.
05-35-115-042-0000,Maple Ave. to Laurel Ave.
05-35-115-040-0000,Maple Ave. to Laurel Ave.
05-35-115-039-0000,Maple Ave. to Laurel Ave.